{"count":1,"self":5.6615608,"total":18.5570499,"children":{"InitializeActuators":{"count":1,"self":0.0020068,"total":0.0020068,"children":null},"InitializeSensors":{"count":1,"self":0.0010000999999999999,"total":0.0010000999999999999,"children":null},"AgentSendState":{"count":20792,"self":0.025376799999999998,"total":0.12873959999999998,"children":{"CollectObservations":{"count":2137,"self":0.0050085,"total":0.0050085,"children":null},"WriteActionMask":{"count":2137,"self":0.0029503,"total":0.0029503,"children":null},"RequestDecision":{"count":2137,"self":0.011847799999999999,"total":0.095403999999999989,"children":{"AgentInfo.ToProto":{"count":2137,"self":0.014964499999999999,"total":0.0835562,"children":{"GenerateSensorData":{"count":2137,"self":0.068591699999999992,"total":0.068591699999999992,"children":null}}}}}}},"DecideAction":{"count":20792,"self":12.6907904,"total":12.690790699999999,"children":null},"AgentAct":{"count":20792,"self":0.0634072,"total":0.0709542,"children":{"AgentInfo.ToProto":{"count":129,"self":0.0030004,"total":0.007547,"children":{"GenerateSensorData":{"count":129,"self":0.0045466,"total":0.0045466,"children":null}}}}}},"gauges":{"RollerBall.CumulativeReward":{"count":129,"max":2,"min":0,"runningAverage":0.333333254,"value":0,"weightedAverage":0.265105128}},"metadata":{"timer_format_version":"0.1.0","start_time_seconds":"1678973034","unity_version":"2020.3.30f1c1","command_line_arguments":"D:\\code\\JuggleBall\\Roller\\FirstRL.exe --mlagents-port 5005","communication_protocol_version":"1.5.0","com.unity.ml-agents_version":"2.2.1-exp.1","scene_name":"SampleScene","end_time_seconds":"1678973053"}}